Life expectancy ,Adult Mortality,GDP,Income composition of resources,Status
56.7,375,623.2871141,0.409,1
56.7,336,499.6468713,0.442,1
56.7,394,332.922339,0.459,1
56.7,366,1441.1417,0.507,1
56.7,337,21557.6528,0.583,1
56.8,33,231.1943256,0.361,1
56.8,33,437.4467238,0.371,1
56.8,271,835.88998,0.404,1
56.8,284,625.8392,0.434,1
56.8,356,839.181117,0.494,1
56.9,283,552.7455521,0.356,1
56.9,436,5714.47937,0.63,1
57,37,84.455939,0.343,1
57,415,196.59778,0.343,1
57,293,219.1413528,0.381,1
57,431,3881.29535,0.57,1
57.1,263,341.2894618,0.307,1
57.1,289,692.69989,0.41,1
57.1,283,76.535419,0.438,1
57.2,328,193.794956,0.346,1
57.2,27,777.3476868,0.411,1
57.2,38,263.1124679,0.48,1
57.3,297,436.6895539,0.376,1
57.3,291,25.2941299,0.396,1
57.3,295,272.56377,0.405,1
57.3,332,758.725782,0.421,1
57.3,275,777.659139,0.421,1
57.3,357,1244.429421,0.514,1
57.3,397,337.2253,0.635,1
57.4,325,768.176767,0.361,1
57.4,321,26.479973,0.385,1
57.4,323,487.9238913,0.449,1
57.4,39,273.6596668,0.485,1
57.4,368,1139.11233,0.518,1
57.4,41,257.99557,0.559,1
57.4,327,2246.9938,0.586,1
57.5,279,575.4464527,0.365,1
57.5,25,473.45338,0.378,1
57.5,295,369.835796,0.415,1
57.5,378,647.17732,0.464,1
57.5,427,5623.379566,0.646,1
57.6,328,342.3656294,0.404,1
57.6,355,528.3125597,0.414,1
57.6,285,67.7518833,0.416,1
57.6,278,82.1513498,0.444,1
57.6,377,354.7253961,0.466,1
57.6,31,39.484473,0.484,1
57.6,393,3598.75972,0.539,1
57.7,323,781.2322196,0.363,1
57.7,274,3.685949,0.401,1
57.8,291,438.7513346,0.38,1
57.8,272,825.5729915,0.43,1
57.9,283,245.939659,0,1
57.9,322,792.15412,0.372,1
57.9,251,481.287397,0.381,1
57.9,286,21.3733292,0.383,1
57.9,38,373.2815537,0.489,1
57.9,339,916.8992515,0.506,1
57.9,32,192.59733,0.582,1
58,386,135.9984455,0.268,1
58,434,369.1545359,0.341,1
58,437,377.132274,0.345,1
58,325,819.974118,0.378,1
58,312,265.285651,0.393,1
58,526,13.154199,0.479,1
58,399,111.227396,0.488,1
58,363,1463.213573,0.533,1
58,428,7362.76139,0.63,1
58.1,345,215.139213,0,1
58.1,275,666.842783,0.377,1
58.1,29,459.2912,0.385,1
58.1,326,864.184726,0.388,1
58.1,299,561.997387,0.412,1
58.1,279,61.566347,0.415,1
58.1,329,458.4651734,0.426,1
58.1,287,373.3611163,0.433,1
58.2,252,348.151511,0.312,1
58.2,266,729.725338,0.438,1
58.2,366,1644.619672,0.543,1
58.2,32,1347.31257,0.582,1
58.3,34,562.3393592,0.457,1
58.3,365,362.6575444,0.473,1
58.3,34,423.1936389,0.491,1
58.4,288,52.3485646,0.396,1
58.4,252,513.26227,0.397,1
58.4,282,642.6256154,0.419,1
58.4,259,793.45243,0.448,1
58.4,362,594.9972557,0.473,1
58.4,382,3464.35169,0.541,1
58.5,343,21.7687981,0,1
58.5,39,243.326822,0.362,1
58.5,273,321.22634,0.412,1
58.6,271,673.8227,0.384,1
58.6,281,232.61732,0.394,1
58.6,284,361.35843,0.394,1
58.6,318,94.7297489,0.396,1
58.6,33,282.7555252,0.398,1
58.6,281,445.8932979,0.434,1
58.6,35,462.486524,0.439,1
58.7,276,422.28633,0,1
58.7,32,387.9429725,0.45,1
58.7,254,757.695974,0.451,1
58.7,276,278.555732,0.456,1
58.8,343,232.7945459,0,1
58.8,284,54.169324,0.406,1
58.8,279,553.32894,0.448,1
58.9,283,377.5254454,0.399,1
58.9,335,631.9468526,0.418,1
58.9,275,596.8717189,0.421,1
58.9,35,413.7383164,0.443,1
58.9,294,563.6894247,0.464,1
58.9,296,498.172394,0.499,1
58.9,373,3136.92511,0.541,1
58.9,413,849.954224,0.638,1
59,27,699.452847,0.392,1
59,251,642.7663113,0.401,1
59,284,554.48766,0.414,1
59,386,1383.893354,0.481,1
59.1,342,287.4222243,0,1
59.1,297,312.7489794,0.404,1
59.1,39,965.6693779,0.405,1
59.1,331,539.41528,0.422,1
59.1,251,825.9427854,0.454,1
59.1,317,92.816252,0.514,1
59.2,277,33.667491,0.4,1
59.2,275,63.537231,0.454,1
59.2,296,643.951373,0.493,1
59.2,371,127.47462,0.498,1
59.2,349,1734.93612,0.554,1
59.2,48,7548.163698,0.644,1
59.2,393,5185.729845,0.661,1
59.3,268,75.1464113,0.398,1
59.3,273,339.676984,0.427,1
59.3,327,511.665773,0.428,1
59.3,33,393.16327,0.444,1
59.3,251,837.9551,0.458,1
59.3,271,262.2859481,0.462,1
59.3,347,584.3962137,0.477,1
59.4,34,276.75896,0,1
59.4,241,375.5819866,0.323,1
59.4,277,412.1517561,0.403,1
59.4,269,56.4249869,0.47,1
59.4,287,579.43485,0.47,1
59.4,288,922.9351677,0.51,1
59.5,272,375.8528566,0,1
59.5,272,395.9319363,0,1
59.5,271,433.2691451,0,1
59.5,272,669.959,0.463,1
59.5,251,915.2674586,0.466,1
59.6,271,544.566526,0,1
59.6,288,33.681223,0.406,1
59.6,278,477.738478,0.409,1
59.6,295,44.853339,0.424,1
59.6,321,588.3582595,0.433,1
59.7,272,327.42597,0.403,1
59.7,336,297.828588,0.405,1
59.7,247,733.581811,0.408,1
59.7,278,565.569459,0.415,1
59.7,3,329.782946,0.447,1
59.7,285,62.1318489,0.475,1
59.7,252,943.686575,0.475,1
59.7,315,412.55271,0.636,1
59.7,32,4892.11618,0.638,1
59.7,322,5685.577736,0.64,1
59.8,269,616.4197236,0,1
59.8,289,325.3825543,0.378,1
59.8,296,147.586896,0.416,1
59.8,37,3976.14887,0.633,1
59.9,26,615.592225,0.399,1
59.9,314,637.3616215,0.439,1
59.9,268,316.7998965,0.457,1
59.9,268,631.744976,0.47,1
59.9,271,612.696514,0.476,1
59.9,287,551.138346,0.484,1
59.9,28,19.686718,0.519,1
60,266,621.93372,0.434,1
60,23,477.476124,0.443,1
60,339,647.74741,0.477,1
60,249,783.94791,0.481,1
60,356,422.51968,0.578,1
61,26,893.8793645,0.43,1
61,229,464.229758,0.444,1
61,288,539.1538211,0.447,1
61,255,795.97519,0.461,1
61,25,471.4565823,0.485,1
61,296,4116.46693,0.637,1
61.1,258,454.1222236,0.419,1
61.1,28,55.47626,0.455,1
61.1,295,956.668952,0.461,1
61.1,314,1738.8822,0.57,1
61.1,349,6346.15624,0.669,1
61.2,219,113.3128,0.475,1
61.2,278,987.4453967,0.53,1
61.2,263,1574.978653,0.554,1
61.3,236,89.838296,0.422,1
61.3,273,1325.99724,0.441,1
61.3,251,778.5454199,0.465,1
61.4,223,43.646498,0.345,1
61.4,311,43.7544499,0.402,1
61.4,259,452.38717,0.427,1
61.4,254,1115.6952,0.44,1
61.4,29,1178.72469,0.469,1
61.4,217,1167.535689,0.475,1
61.4,263,292.157443,0.478,1
61.4,288,727.777345,0.646,1
61.5,253,48.615184,0.458,1
61.5,38,719.172669,0.483,1
61.6,288,1166.66337,0.477,1
61.6,257,1629.8222,0.563,1
61.6,291,8352.81711,0.645,1
61.6,298,194.2746,0.651,1
61.7,29,87.9387673,0,1
61.7,215,146.83851,0.476,1
61.7,317,429.6561,0.589,1
61.7,31,763.66223,0.652,1
61.8,22,358.99731,0.351,1
61.8,261,341.39992,0.401,1
61.8,251,1291.528826,0.444,1
61.8,268,143.986898,0.451,1
61.8,266,615.8198192,0.458,1
61.8,246,769.1742883,0.476,1
61.8,286,1366.879112,0.485,1
61.8,33,1313.889646,0.576,1
61.9,261,377.8482928,0.483,1
61.9,254,1814.492297,0.57,1
62,312,765.8632358,0,1
62,329,317.3294336,0.405,1
62,266,379.689583,0.406,1
62,289,1214.77118,0.427,1
62,228,46.9542322,0.446,1
62,248,1226.884381,0.456,1
62,261,48.61552,0.475,1
62,214,123.383675,0.484,1
62,285,177.867119,0.494,1
62,347,6479.625659,0.66,1
62.1,298,482.14994,0.404,1
62.1,243,193.187484,0.417,1
62.1,23,95.3978522,0.425,1
62.1,259,674.7564147,0.462,1
62.1,263,1155.2582,0.536,1
62.1,253,1432.227943,0.576,1
62.2,263,1536.15685,0.46,1
62.2,241,829.7586885,0.479,1
62.2,212,1393.261593,0.487,1
62.2,284,271.318741,0.501,1
62.2,325,7645.21469,0.678,1
62.3,259,74.9358452,0.47,1
62.3,259,766.8437623,0.477,1
62.3,229,467.5438297,0.484,1
62.3,291,693.8963829,0.488,1
62.3,259,47.733254,0.491,1
62.3,294,8754.113376,0.66,1
62.4,281,229.95364,0.506,1
62.4,249,1361.11395,0.575,1
62.4,36,4153.497885,0.598,1
62.5,282,885.6382245,0,1
62.5,239,138.9249275,0.427,1
62.5,238,231.42554,0.439,1
62.5,243,1476.47887,0.461,1
62.5,251,668.297646,0.466,1
62.5,237,788.632653,0.484,1
62.5,224,438.864634,0.489,1
62.5,29,1364.283745,0.491,1
62.6,249,354.8463544,0.411,1
62.6,258,1229.114798,0.541,1
62.7,241,1666.857757,0.463,1
62.7,256,1622.637974,0.464,1
62.7,253,81.265673,0.483,1
62.7,28,145.57838,0.501,1
62.7,278,2182.716565,0.511,1
62.8,225,11.33678,0.435,1
62.8,235,143.77651,0.435,1
62.8,19,533.8624114,0.445,1
62.8,26,563.491487,0.454,1
62.8,225,51.216381,0.497,1
62.8,254,415.6893226,0.5,1
62.8,274,474.2133361,0.582,1
62.8,289,1716.2258,0.664,1
62.9,286,582.775532,0.405,1
62.9,234,474.2238766,0.47,1
62.9,2,711.4699463,0.487,1
62.9,233,834.341949,0.49,1
62.9,222,447.138966,0.494,1
62.9,255,1335.6458,0.546,1
62.9,328,5769.77258,0.665,1
63,232,391.515524,0.331,1
63,268,362.4213785,0.445,1
63,226,528.586613,0.447,1
63,189,51.6568157,0.45,1
63,262,648.38717,0.451,1
63,252,174.91511,0.467,1
63,26,1326.66882,0.509,1
63,294,967.34773,0.523,1
63,275,1224.41554,0.53,1
63,328,185.793359,0.565,1
63,299,5191.58381,0.604,1
63.1,238,246.375621,0.447,1
63.1,245,83.1148117,0.487,1
63.1,226,555.8185378,0.501,1
63.1,25,1158.256469,0.513,1
63.2,231,219.782326,0.445,1
63.2,23,248.6183539,0.446,1
63.2,187,499.8633,0.457,1
63.2,235,1892.894352,0.468,1
63.2,23,852.954379,0.497,1
63.2,266,524.145924,0.588,1
63.3,248,174.51475,0,1
63.3,229,967.917468,0,1
63.3,273,997.7417141,0,1
63.3,241,468.567249,0.422,1
63.3,219,466.2842,0.499,1
63.3,248,412.739341,0.503,1
63.4,231,1283.885977,0,1
63.4,225,649.342153,0.504,1
63.4,249,1349.97144,0.55,1
63.4,3,729.231453,0.687,1
63.5,238,1453.917166,0,1
63.5,219,12.566464,0.444,1
63.5,228,219.8156688,0.455,1
63.5,185,563.594342,0.465,1
63.5,241,1862.167274,0.47,1
63.5,232,1955.66799,0.478,1
63.5,24,814.5463952,0.49,1
63.5,227,727.6463868,0.498,1
63.5,276,9774.18117,0.669,1
63.7,245,2136.66815,0,1
63.7,237,52.1535887,0.427,1
63.7,183,649.848233,0.474,1
63.7,26,478.331859,0.492,1
63.7,216,541.1352279,0.505,1
63.7,198,138.436633,0.529,1
63.8,224,643.17518,0,1
63.8,247,617.317648,0.464,1
63.8,229,2176.89829,0.485,1
63.8,241,454.963464,0.504,1
63.8,224,693.345683,0.509,1
63.8,263,571.51883,0.599,1
63.9,224,247.24276,0.465,1
63.9,292,1229.958,0.676,1
64,221,774.4763388,0,1
64,37,77.5773486,0.446,1
64,224,62.547286,0.451,1
64,267,245.1235876,0.466,1
64,214,621.3183767,0.518,1
64,194,17.8159721,0.535,1
64,271,646.561295,0.609,1
64,284,797.8377432,0.621,1
64.1,241,26.371428,0,1
64.1,222,796.7937634,0,1
64.1,216,539.8791529,0.483,1
64.1,225,2513.884661,0.488,1
64.2,263,197.45788,0,1
64.2,234,571.1622759,0.435,1
64.2,22,296.97284,0.474,1
64.2,179,873.772727,0.501,1
64.2,286,77.625783,0.693,1
64.3,219,734.9492461,0,1
64.3,212,11.631377,0.449,1
64.3,22,253.72412,0.457,1
64.3,235,443.9611,0.506,1
64.3,222,81.86157,0.514,1
64.3,193,189.3878519,0.543,1
64.3,268,56.971392,0.612,1
64.4,178,95.4327931,0.505,1
64.4,211,77.819,0.526,1
64.4,284,149.926751,0.685,1
64.4,282,268.123657,0.714,1
64.5,235,394.467675,0,1
64.5,217,41.451,0.484,1
64.5,274,998.8226671,0.637,1
64.6,217,826.58554,0,1
64.6,239,678.796973,0.475,1
64.6,177,139.31288,0.513,1
64.6,255,9679.742995,0.678,1
64.6,322,2975.132778,0.733,1
64.6,294,3771.278957,0.737,1
64.7,215,115.3865,0,1
64.7,218,287.4156,0.463,1
64.7,23,461.723722,0.508,1
64.7,22,843.89447,0.521,1
64.7,249,2351.812429,0.631,1
64.7,276,1658.31146,0.7,1
64.7,287,2874.288291,0.725,1
64.8,214,113.6286,0,1
64.8,225,645.4637627,0.441,1
64.8,175,16.63999,0.514,1
64.8,28,792.259698,0.536,1
64.8,313,2375.5944,0.727,1
64.9,213,1214.556667,0,1
64.9,26,18.25321,0.455,1
64.9,186,441.53226,0.511,1
64.9,321,412.372294,0.741,1
65,254,1247.61392,0,1
65,242,773.8698713,0.415,1
65,29,465.311876,0.452,1
65,263,584.25921,0.479,1
65,24,631.675789,0.495,1
65,211,1357.632211,0.574,1
65,212,1151.555618,0.576,1
65,238,198.455216,0.619,1
65,37,6741.293948,0.64,1
65,271,1334.651896,0.649,1
65,37,1771.58662,0.709,1
65,295,5291.57565,0.747,1
65,327,5323.473877,0.748,1
65.1,225,452.4631926,0.509,1
65.1,172,14.142268,0.521,1
65.1,217,894.927988,0.527,1
65.1,21,1413.3234,0.572,1
65.1,237,145.58861,0.613,1
65.1,268,7497.762376,0.697,1
65.1,38,21.362386,0.72,1
65.2,233,688.8768557,0.485,1
65.2,211,741.777116,0.504,1
65.2,26,118.166373,0.546,1
65.2,182,236.314438,0.553,1
65.2,28,1297.285141,0.576,1
65.2,24,1945.6395,0.622,1
65.3,173,45.63371,0.459,1
65.3,27,1493.1651,0.584,1
65.3,244,96.8674827,0.609,1
65.3,237,986.7958173,0.611,1
65.3,213,1148.56996,0.624,1
65.3,288,6771.414797,0.754,1
65.4,28,317.89198,0.469,1
65.4,29,987.7365832,0.515,1
65.4,215,1126.46212,0.531,1
65.4,246,946.599372,0.602,1
65.4,247,925.582546,0.606,1
65.4,228,734.42525,0.678,1
65.5,22,41.8575951,0.511,1
65.5,167,1226.215314,0.525,1
65.5,23,991.484634,0.556,1
65.5,194,337.359236,0.572,1
65.5,26,1692.613277,0.585,1
65.5,237,9692.163874,0.687,1
65.6,215,436.459223,0,1
65.6,2,136.4518,0.463,1
65.6,199,745.7877873,0.511,1
65.6,27,1186.423937,0.526,1
65.6,229,3439.597513,0.624,1
65.6,217,5649.978486,0.665,1
65.6,22,6675.262954,0.672,1
65.7,23,76.5699517,0.488,1
65.7,165,1261.28967,0.529,1
65.7,24,1763.815497,0.581,1
65.7,232,2327.58324,0.62,1
65.7,256,6532.651,0.698,1
65.8,245,1335.45696,0,1
65.8,211,4439.23,0,1
65.8,235,154.518572,0.455,1
65.8,168,42.5981152,0.468,1
65.8,21,199.57146,0.533,1
65.8,173,524.8959363,0.541,1
65.8,22,1724.361737,0.589,1
65.8,232,5749.44752,0.619,1
65.8,22,3785.935665,0.63,1
65.8,248,4737.66996,0.637,1
65.9,25,1171.58257,0.533,1
65.9,177,39.281834,0.563,1
65.9,183,44.2872665,0.579,1
65.9,221,326.281212,0.618,1
65.9,242,5421.343953,0.632,1
65.9,218,3944.178173,0.633,1
65.9,227,3129.224922,0.636,1
65.9,26,1634.81431,0.661,1
66,259,72.759313,0.459,1
66,223,697.7451989,0.461,1
66,196,148.912351,0.474,1
66,21,348.6314534,0.476,1
66,163,1272.44161,0.538,1
66,271,186.76538,0.542,1
66,2,19.317765,0.563,1
66,217,43.82321,0.636,1
66,217,7962.365824,0.683,1
66,229,7388.984144,0.694,1
66.1,227,71.348397,0.493,1
66.1,195,738.2326684,0.52,1
66.1,181,52.35956,0.586,1
66.1,2,1684.54274,0.597,1
66.1,218,2716.35256,0.618,1
66.1,232,5488.131712,0.625,1
66.2,227,944.81684,0.442,1
66.2,22,1168.83947,0.54,1
66.2,24,1129.754961,0.542,1
66.2,162,1316.98966,0.542,1
66.2,168,643.71911,0.566,1
66.2,215,4136.689919,0.638,1
66.3,164,4.6135745,0.476,1
66.3,198,1424.483611,0.586,1
66.3,188,78.92744,0.597,1
66.3,218,2576.124957,0.618,1
66.3,215,6432.668768,0.688,1
66.3,25,265.353659,0.693,1
66.4,192,152.443873,0.483,1
66.4,21,1262.893782,0.547,1
66.4,161,1431.244865,0.548,1
66.4,196,1345.77153,0.569,1
66.4,178,76.914128,0.592,1
66.4,3,692.194398,0.754,1
66.5,238,1741.142552,0,1
66.5,22,784.9562874,0.446,1
66.5,188,747.9817455,0.604,1
66.6,194,393.8843518,0.486,1
66.6,192,785.6928841,0.519,1
66.6,198,134.326189,0.546,1
66.6,199,1194.59137,0.552,1
66.6,165,757.3114436,0.599,1
66.6,16,655.974326,0.636,1
66.6,258,8513.564645,0.758,1
66.7,188,98.7256145,0.491,1
66.7,174,666.3458569,0.601,1
66.7,189,899.5556857,0.608,1
66.8,215,744.7657423,0.453,1
66.8,161,432.7388972,0.484,1
66.8,193,1461.671957,0.58,1
66.8,219,138.91977,0.618,1
66.8,221,957.287441,0.622,1
66.8,221,1.68135,0.625,1
66.8,29,1849.63911,0.628,1
66.9,194,138.949959,0.553,1
66.9,163,849.8626972,0.599,1
66.9,189,164.59447,0.613,1
66.9,235,1717.898761,0.686,1
67,234,1795.18137,0,1
67,322,326.825642,0.406,1
67,261,415.361958,0.416,1
67,261,679.7539949,0.423,1
67,325,662.492293,0.478,1
67,189,473.844449,0.492,1
67,336,118.69383,0.507,1
67,19,882.491462,0.533,1
67,223,1194.697155,0.642,1
67,278,1828.717626,0.707,1
67.1,189,558.221144,0,1
67.1,29,818.442619,0.459,1
67.1,192,1619.532678,0.559,1
67.1,186,383.3494997,0.6,1
67.2,21,1391.816923,0.603,1
67.2,161,114.56179,0.607,1
67.2,183,396.129969,0.607,1
67.2,19,126.928834,0.629,1
67.2,217,11.553196,0.631,1
67.2,262,1479.383142,0.687,1
67.3,158,46.7579167,0.491,1
67.3,191,1821.878734,0.562,1
67.3,19,1446.98541,0.59,1
67.3,171,738.3475227,0.603,1
67.3,192,546.776852,0.62,1
67.3,191,1586.254,0.632,1
67.3,218,179.3715,0.636,1
67.3,219,1391.772325,0.646,1
67.3,235,3769.595255,0.701,1
67.3,282,911.25385,0.761,1
67.4,232,177.234497,0,1
67.4,224,1888.61829,0,1
67.4,24,88.874858,0.465,1
67.4,186,95.244132,0.54,1
67.4,185,456.734892,0.594,1
67.4,159,1117.77724,0.618,1
67.4,225,2139.625631,0.673,1
67.4,267,1367.352433,0.7,1
67.5,183,48.7299,0.502,1
67.5,19,1624.63963,0.565,1
67.5,19,1855.93915,0.638,1
67.5,151,73.6838434,0.642,1
67.5,216,1672.685433,0.648,1
67.5,217,1919.466195,0.655,1
67.5,257,635.789635,0.669,1
67.5,277,368.68998,0.723,1
67.5,278,11635.2637,0.769,1
67.6,2,948.6592511,0.47,1
67.6,2,146.931125,0.482,1
67.6,187,1452.195373,0.599,1
67.6,185,654.2838373,0.626,1
67.6,256,879.475486,0.683,1
67.6,256,148.522488,0.691,1
67.7,219,1598.77512,0,1
67.7,221,1655.596261,0.539,1
67.7,158,117.765674,0.62,1
67.7,189,216.52766,0.641,1
67.7,253,78.738243,0.673,1
67.7,221,276.1338,0.681,1
67.7,254,1244.373185,0.681,1
67.7,253,1819.525644,0.695,1
67.7,267,233.18831,0.716,1
67.7,273,3891.37823,0.73,1
67.8,155,484.155471,0.499,1
67.8,183,128.419568,0.546,1
67.8,183,465.1198869,0.613,1
67.8,184,83.476942,0.631,1
67.8,146,763.73858,0.651,1
67.8,154,883.6439965,0.659,1
67.8,221,238.891729,0.683,1
67.8,231,4368.82248,0.712,1
67.8,235,7165.2775,0.758,1
67.8,236,97.649972,0.763,1
67.9,228,2178.921383,0,1
67.9,221,2232.513244,0,1
67.9,184,182.28625,0.644,1
67.9,189,2254.44566,0.645,1
67.9,199,673.74737,0.658,1
67.9,218,2129.499242,0.662,1
67.9,22,2259.55796,0.687,1
68,223,263.1399,0,1
68,274,379.7566385,0.393,1
68,282,5.6687264,0.438,1
68,299,854.346921,0.454,1
68,193,125.79167,0.489,1
68,178,592.1835216,0.515,1
68,184,1573.11889,0.607,1
68,155,1153.51578,0.612,1
68,183,1213.265328,0.651,1
68,219,1825.341521,0.661,1
68,218,2352.518156,0.669,1
68,247,1276.28834,0.675,1
68,22,2835.973972,0.689,1
68.1,192,1158.282672,0.494,1
68.1,166,834.5412953,0.608,1
68.1,187,3113.48635,0.656,1
68.1,217,2581.818554,0.666,1
68.1,219,276.289146,0.671,1
68.1,218,3332.918533,0.691,1
68.1,252,3126.71767,0.713,1
68.1,227,4385.379355,0.72,1
68.2,152,494.51466,0.506,1
68.2,21,3419.275719,0.677,1
68.2,247,2378.33927,0.703,1
68.2,261,8562.89598,0.776,1
68.3,214,36.48773,0,1
68.3,188,1272.44825,0.492,1
68.3,179,198.687123,0.553,1
68.3,225,2458.45976,0.572,1
68.3,152,1161.76935,0.603,1
68.3,181,1613.18878,0.615,1
68.3,183,1377.8214,0.657,1
68.3,185,3634.27685,0.662,1
68.3,196,3364.423711,0.668,1
68.3,214,3658.63832,0.699,1
68.4,172,692.1166842,0.529,1
68.4,211,1568.376276,0.546,1
68.4,154,145.2163,0.668,1
68.4,162,1578.4239,0.675,1
68.4,214,2842.938353,0.676,1
68.4,21,3679.99523,0.684,1
68.4,225,4181.583321,0.729,1
68.4,256,1674.98771,0.773,1
68.5,186,1642.837974,0.497,1
68.5,183,1564.966945,0.664,1
68.5,183,3687.953996,0.669,1
68.5,199,3556.561825,0.678,1
68.5,211,2878.33837,0.679,1
68.5,211,3749.939813,0.695,1
68.5,224,11634.42422,0.766,1
68.6,151,541.651484,0.513,1
68.6,16,1332.382358,0.519,1
68.6,29,478.82327,0.698,1
68.7,184,1858.689868,0.505,1
68.7,174,1163.18977,0.558,1
68.7,223,2422.816,0.581,1
68.7,181,362.663981,0.677,1
68.7,197,3831.53819,0.691,1
68.7,26,4177.657789,0.7,1
68.8,182,188.5159,0.509,1
68.8,183,29.652622,0.512,1
68.8,164,954.725253,0.613,1
68.8,184,174.468298,0.673,1
68.8,222,3944.1839,0.733,1
68.9,167,681.7925868,0.538,1
68.9,219,2338.772244,0.615,1
68.9,182,4974.2693,0.649,1
68.9,25,3595.8855,0.672,1
68.9,179,3491.595887,0.682,1
68.9,23,3369.48247,0.704,1
68.9,243,3848.215966,0.723,1
69,18,1469.849149,0,1
69,227,416.14838,0.341,1
69,279,1253.657431,0.436,1
69,221,944.134851,0.466,1
69,265,274.819723,0.473,1
69,155,1336.775376,0.53,1
69,267,1312.67557,0.547,1
69,218,2238.4116,0.607,1
69,371,6876.953821,0.652,1
69,191,3933.332215,0.695,1
69.1,179,1362.61731,0,1
69.1,147,615.7775411,0.52,1
69.1,219,235.882889,0.589,1
69.1,185,197.551233,0.681,1
69.1,176,3336.16686,0.686,1
69.1,197,174.6692,0.705,1
69.1,2,3651.966784,0.706,1
69.1,197,643.947262,0.709,1
69.1,194,6935.721451,0.715,1
69.1,214,12387.18982,0.774,1
69.2,177,1922.41388,0.514,1
69.2,165,743.7653489,0.555,1
69.2,28,277.83438,0.567,1
69.2,154,2473.85776,0.682,1
69.2,184,25.448414,0.69,1
69.2,197,4353.121392,0.709,1
69.2,192,749.626612,0.721,1
69.2,231,2545.48341,0.734,1
69.3,176,1353.934819,0,1
69.3,162,688.6172788,0.545,1
69.3,21,171.771491,0.553,1
69.3,163,14.214412,0.617,1
69.3,167,4521.3247,0.638,1
69.3,214,2421.9662,0.666,1
69.3,199,527.92,0.678,1
69.3,191,884.518666,0.729,1
69.4,173,158.52724,0,1
69.4,24,1753.349471,0.56,1
69.4,216,2522.7968,0.596,1
69.4,184,4187.3783,0.692,1
69.4,184,2137.576852,0.697,1
69.4,188,4516.24675,0.7,1
69.4,189,4673.63848,0.702,1
69.4,195,4546.73854,0.714,1
69.4,19,129.51914,0.736,1
69.4,242,14212.687,0.785,1
69.5,144,681.125368,0.523,1
69.5,15,1413.757176,0.54,1
69.5,17,6925.22446,0.659,1
69.5,22,5761.39536,0.684,1
69.5,184,4258.788611,0.7,1
69.5,186,4344.15177,0.7,1
69.5,189,12323.1275,0.745,1
69.5,28,1389.8561,0.782,1
69.6,169,1787.94723,0,1
69.6,158,76.2386977,0.551,1
69.6,21,1872.73783,0.564,1
69.6,139,2182.99711,0.577,1
69.6,162,114.45919,0.622,1
69.6,181,447.22796,0.699,1
69.6,181,4324.876427,0.7,1
69.6,192,4763.68956,0.719,1
69.6,188,1495.96337,0.751,1
69.6,237,15154.45687,0.792,1
69.7,24,2256.56724,0.57,1
69.7,161,918.6771543,0.625,1
69.7,28,3681.5993,0.668,1
69.7,19,546.3728,0.727,1
69.7,187,1653.1844,0.76,1
69.8,211,2613.645177,0.604,1
69.8,196,6858.163158,0.691,1
69.8,18,4688.538443,0.706,1
69.8,212,2965.142365,0.728,1
69.8,226,4735.484827,0.739,1
69.9,155,1239.377855,0,1
69.9,165,1886.433359,0,1
69.9,142,757.6717572,0.535,1
69.9,146,1721.973863,0.551,1
69.9,29,2519.737387,0.628,1
69.9,228,3572.8513,0.728,0
69.9,188,4921.89629,0.734,1
69.9,185,21188.11857,0.767,1
69.9,22,1286.56511,0.789,1
70,215,2632.79942,0.636,1
70,196,7443.85178,0.696,1
70,177,4852.223666,0.705,1
70,224,6376.183153,0.755,1
70,226,5176.172649,0.771,1
70,229,15543.67653,0.799,1
71,174,188.783165,0.551,1
71,135,951.8894535,0.565,1
71,161,247.97823,0.572,1
71,133,2191.478567,0.575,1
71,194,191.55157,0.587,1
71,145,2965.82434,0.59,1
71,213,2835.281237,0.644,1
71,177,3861.32414,0.667,1
71,179,3146.95177,0.685,1
71,175,4849.997495,0.706,1
71,218,3352.731296,0.716,0
71,147,6269.58123,0.732,1
71,198,429.71554,0.744,1
71,183,1458.8796,0.773,1
71,172,1967.83283,0.773,1
71,26,6351.8125,0.776,0
71.1,173,5773.73577,0,1
71.1,144,1768.92132,0.572,1
71.1,193,3187.845296,0.609,1
71.1,194,27.564826,0.64,1
71.1,163,169.28586,0.709,0
71.1,174,2774.95586,0.722,0
71.1,146,375.442638,0.736,1
71.1,13,5842.85784,0.737,1
71.1,171,19325.24283,0.778,1
71.1,224,14961.56818,0.82,0
71.2,141,3275.91684,0.591,1
71.2,194,1175.116225,0.592,1
71.2,17,1417.26582,0.624,1
71.2,194,1893.145377,0.649,1
71.2,188,2862.154836,0.656,1
71.2,23,334.83817,0.657,1
71.2,138,366.57,0.658,1
71.2,179,9484.56898,0.719,1
71.2,21,353.147337,0.757,0
71.2,17,17321.83373,0.779,1
71.2,211,538.347781,0.791,1
71.3,171,113.4546,0.557,1
71.3,189,3299.65139,0.616,1
71.3,145,1757.17797,0.636,1
71.3,178,9272.413453,0.708,1
71.3,144,4676.96753,0.74,1
71.3,195,2124.662666,0.748,1
71.3,161,562.549434,0.756,1
71.4,132,184.56543,0.57,1
71.4,14,1976.45856,0.574,1
71.4,128,2494.353552,0.581,1
71.4,138,3158.58688,0.592,1
71.4,189,3452.828934,0.611,1
71.4,145,1732.857979,0.644,1
71.4,167,2472.197831,0.65,1
71.4,192,296.54617,0.657,1
71.4,189,38.46578,0.66,1
71.4,23,3366.482133,0.662,1
71.4,162,2351.33814,0.665,1
71.4,154,1996.719689,0.674,1
71.4,176,2819.649531,0.692,1
71.4,178,9564.46383,0.722,1
71.4,22,4146.987928,0.77,0
71.5,169,6754.512393,0,1
71.5,168,1148.229882,0.632,1
71.5,165,2395.856551,0.653,1
71.5,177,3792.182152,0.673,1
71.5,175,875.412178,0.677,1
71.5,179,3957.51296,0.683,1
71.5,174,4623.347642,0.687,1
71.5,141,586.8364,0.747,1
71.6,169,1132.8721,0.561,1
71.6,135,3167.34356,0.591,1
71.6,145,1774.33673,0.653,1
71.6,135,4718.51291,0.668,1
71.6,16,2571.262348,0.671,1
71.6,189,2659.83918,0.674,1
71.6,158,263.27236,0.676,1
71.6,16,1764.97387,0.713,0
71.6,176,8818.982566,0.723,1
71.6,125,7189.691229,0.741,1
71.6,2,3297.35471,0.745,0
71.6,22,555.535669,0.78,0
71.6,24,676.966998,0.792,0
71.7,167,6764.722867,0,1
71.7,115,959.372181,0.583,1
71.7,134,3148.36513,0.596,1
71.7,187,3687.763767,0.614,1
71.7,166,1174.779347,0.642,1
71.7,194,357.347674,0.659,1
71.7,146,294.33556,0.663,1
71.7,189,2358.93629,0.666,1
71.7,142,779.3845935,0.677,1
71.7,133,1657.889256,0.7,1
71.7,165,3552.92452,0.733,0
71.7,193,4623.46712,0.761,0
71.7,23,7978.825443,0.796,1
71.8,129,691.997711,0,1
71.8,188,7578.85153,0,1
71.8,129,121.15812,0.575,1
71.8,134,248.13459,0.582,1
71.8,123,2884.94776,0.589,1
71.8,124,32.37239,0.597,1
71.8,163,2355.725857,0.656,1
71.8,157,1837.977391,0.674,1
71.8,172,359.587582,0.699,1
71.8,165,5695.969327,0.713,1
71.8,157,287.534843,0.723,0
71.8,183,216.681584,0.735,1
71.9,164,7322.596862,0,1
71.9,166,1157.3427,0.566,1
71.9,186,3923.573344,0.637,1
71.9,165,148.527976,0.639,1
71.9,155,1842.44421,0.679,1
71.9,168,5229.876738,0.696,1
71.9,131,1728.2659,0.706,1
71.9,123,7496.335728,0.742,1
71.9,162,4676.315183,0.745,0
71.9,138,8171.361651,0.748,1
71.9,194,694.243915,0.793,1
71.9,199,7174.237415,0.798,1
71.9,199,16348.53121,0.819,0
72,142,1948.812275,0.561,1
72,13,285.83414,0.598,1
72,142,622.7427477,0.639,1
72,18,154.68923,0.64,1
72,176,282.4242,0.651,1
72,191,3474.392445,0.662,1
72,197,3736.58713,0.666,1
72,132,64.72953,0.675,1
72,153,287.963899,0.677,1
72,153,229.714718,0.683,1
72,17,3623.47667,0.695,1
72,187,7663.1378,0.714,1
72,155,271.46824,0.729,0
72,232,6519.71753,0.787,1
72,198,159.9817,0.793,1
72,199,8318.429294,0.796,1
72,24,12297.91535,0.812,0
72.1,162,7946.944346,0,1
72.1,129,234.28992,0.596,1
72.1,163,157.145691,0.646,1
72.1,152,218.25997,0.686,1
72.1,168,5116.45424,0.704,1
72.1,174,5968.876767,0.706,1
72.1,129,1812.288374,0.712,1
72.1,186,8331.261997,0.712,1
72.1,185,8524.961236,0.713,1
72.1,186,1176.65871,0.715,1
72.1,16,3893.68998,0.745,0
72.2,165,1217.657961,0.571,1
72.2,11,153.1824,0.592,1
72.2,149,322.543121,0.682,1
72.2,151,2448.143899,0.685,1
72.2,151,2284.37858,0.693,1
72.2,185,1192.5174,0.712,1
72.2,185,1214.39987,0.728,1
72.2,185,12154.82994,0.733,1
72.2,157,3381.57837,0.738,0
72.2,184,11122.8627,0.739,1
72.2,121,7875.756953,0.745,1
72.2,161,4513.13628,0.75,0
72.2,134,9344.987518,0.752,1
72.2,192,11837.3913,0.825,0
72.3,116,2861.5545,0.596,1
72.3,126,3112.285712,0.602,1
72.3,161,189.71539,0.648,1
72.3,14,2598.9823,0.673,1
72.3,178,3836.468771,0.677,1
72.3,134,127.367228,0.694,1
72.3,15,2594.74999,0.694,1
72.3,127,1889.213962,0.717,1
72.3,172,254.489192,0.731,1
72.3,182,976.9566,0.739,1
72.3,185,527.85364,0.769,0
72.3,196,5949.11677,0.798,1
72.3,195,885.465115,0.805,1
72.4,158,7395.88125,0,1
72.4,124,3638.95946,0.615,1
72.4,124,3444.5566,0.621,1
72.4,15,2246.257472,0.659,1
72.4,142,1981.243653,0.677,1
72.4,129,7384.354661,0.681,1
72.4,148,2892.522663,0.695,1
72.4,149,445.17471,0.715,1
72.4,127,223.83787,0.73,1
72.4,18,184.68447,0.74,1
72.4,188,11984.86857,0.824,0
72.5,163,1311.741714,0.577,1
72.5,173,1344.31871,0.601,1
72.5,169,1518.85386,0.607,1
72.5,123,3312.825985,0.627,1
72.5,159,2312.192926,0.649,1
72.5,177,2893.651356,0.682,1
72.5,146,359.82223,0.688,1
72.5,146,2932.315883,0.698,1
72.5,147,37.846563,0.703,1
72.5,125,261.456882,0.723,1
72.5,119,7891.299776,0.752,1
72.5,157,5828.745662,0.755,0
72.5,132,1138.56661,0.756,1
72.5,184,665.6443,0.775,0
72.5,184,8396.25323,0.784,0
72.6,138,861.18596,0,1
72.6,154,7365.666659,0,1
72.6,136,1177.629268,0.588,1
72.6,122,367.429453,0.632,1
72.6,141,694.435119,0.644,1
72.6,134,783.261699,0.645,1
72.6,11,1175.788981,0.656,1
72.6,171,336.8742,0.682,1
72.6,144,259.192958,0.686,1
72.6,144,3453.487434,0.69,1
72.6,145,3392.64743,0.698,1
72.6,141,87.1365252,0.702,1
72.6,11,9126.954277,0.737,1
72.6,177,12189.9516,0.744,1
72.6,157,5932.899677,0.755,0
72.6,132,14396.4865,0.757,1
72.6,184,12219.37379,0.821,0
72.7,112,5334.93329,0,1
72.7,135,1258.421953,0.589,1
72.7,16,1148.5857,0.6,1
72.7,112,3432.247841,0.601,1
72.7,121,348.482762,0.636,1
72.7,157,359.992184,0.654,1
72.7,134,93.1661567,0.657,1
72.7,171,3394.878,0.68,1
72.7,132,928.18227,0.684,1
72.7,16,837.699787,0.686,1
72.7,163,477.182746,0.694,1
72.7,166,5451.6696,0.697,1
72.7,144,3915.11546,0.725,1
72.7,166,83.635,0.728,1
72.7,174,12845.17363,0.755,1
72.7,132,1296.97353,0.757,1
72.7,118,55.31382,0.758,1
72.8,161,1437.628785,0.583,1
72.8,135,1263.13455,0.596,1
72.8,11,2834.2472,0.603,1
72.8,12,3558.796314,0.643,1
72.8,148,274.249442,0.658,1
72.8,163,1451.29776,0.668,1
72.8,18,189.681557,0.674,1
72.8,126,834.869161,0.687,1
72.8,148,2754.7829,0.692,1
72.8,142,3547.59975,0.707,1
72.8,121,2537.349,0.733,1
72.8,166,7318.12641,0.734,1
72.8,17,8643.4944,0.742,1
72.8,132,1212.56217,0.755,1
72.8,189,1338.31322,0.812,1
72.8,18,11326.21947,0.815,0
72.8,18,14357.73679,0.826,0
72.9,112,2213.91488,0.646,1
72.9,136,31.122378,0.68,1
72.9,164,4647.31359,0.685,1
72.9,141,2158.299,0.692,1
72.9,134,8476.61511,0.705,1
72.9,14,445.18866,0.712,1
72.9,133,2149.9944,0.715,1
72.9,161,6574.654338,0.72,1
72.9,14,4167.364387,0.723,1
72.9,15,741.48438,0.741,1
72.9,15,8655.311531,0.745,1
72.9,155,7296.122479,0.761,0
72.9,172,15687.34795,0.762,1
72.9,154,8214.185378,0.766,0
72.9,18,1259.5266,0.793,0
72.9,182,11161.72441,0.795,0
73,144,1627.42893,0,1
73,11,5253.122599,0,1
73,187,5836.17763,0,1
73,14,835.789341,0.545,1
73,192,116.2743,0.562,1
73,152,1268.884564,0.562,1
73,193,143.6758,0.57,1
73,157,2393.367265,0.579,1
73,16,1592.572182,0.59,1
73,17,124.992617,0.597,1
73,134,1253.39143,0.599,1
73,24,248.4125,0.621,1
73,117,3529.61843,0.643,1
73,155,2599.596259,0.663,1
73,22,2372.628827,0.665,1
73,132,1191.96192,0.668,1
73,181,3827.786267,0.67,1
73,121,733.974142,0.673,1
73,184,3895.664491,0.675,1
73,137,1643.758397,0.679,1
73,17,2416.588235,0.681,1
73,168,3368.952576,0.686,1
73,167,3596.496282,0.69,1
73,139,3942.9827,0.693,1
73,161,586.145975,0.698,1
73,19,833.31332,0.7,1
73,14,3851.437869,0.708,1
73,134,2832.49652,0.715,1
73,138,451.542462,0.717,1
73,141,5574.6382,0.719,1
73,134,3331.228766,0.72,1
73,135,3528.1318,0.73,1
73,12,2762.86354,0.736,1
73,219,4132.34927,0.746,0
73,13,9567.458285,0.747,1
73,17,1557.77892,0.766,1
73,222,63.38877,0.78,1
73,225,14125.961,0.803,1
73,188,12595.4165,0.822,1
73,189,16586.452,0.829,1
73,176,14341.836,0.83,0
73,178,15712.82376,0.834,0
73.1,13,1288.642924,0.61,1
73.1,144,3386.256,0.658,1
73.1,147,379.78776,0.669,1
73.1,166,3465.221998,0.694,1
73.1,16,5759.643,0.703,1
73.1,135,1634.87561,0.709,1
73.1,138,4463.675893,0.724,1
73.1,119,3385.69665,0.739,1
73.1,146,7583.1872,0.744,1
73.1,12,11138.8746,0.754,1
73.1,11,13739.82945,0.761,1
73.1,159,1136.47356,0.78,0
73.1,158,822.18329,0.795,0
73.2,17,5436.595223,0,1
73.2,159,1751.595857,0.597,1
73.2,131,148.852738,0.61,1
73.2,163,1464.497754,0.613,1
73.2,154,1526.497938,0.614,1
73.2,11,2254.933126,0.654,1
73.2,152,3225.591754,0.664,1
73.2,124,979.49246,0.697,1
73.2,136,4234.554443,0.698,1
73.2,137,4266.557174,0.718,1
73.2,14,41.26997,0.721,1
73.2,137,4955.477743,0.731,1
73.2,133,276.588512,0.734,1
73.2,1,15334.66994,0.767,1
73.2,152,6955.987733,0.768,0
73.2,99,16472.1665,0.773,1
73.2,168,1539.464,0.781,1
73.2,95,1654.96761,0.786,1
73.2,96,18389.38433,0.786,1
73.3,136,199.583957,0,1
73.3,14,339.91616,0.612,1
73.3,114,2954.119467,0.646,1
73.3,15,1453.642777,0.67,1
73.3,181,3988.771871,0.676,1
73.3,165,3972.26475,0.687,1
73.3,165,3719.97351,0.689,1
73.3,161,511.37937,0.692,1
73.3,159,7313.557962,0.7,1
73.3,135,4192.349758,0.716,1
73.3,13,8629.11774,0.716,1
73.3,137,2993.832531,0.725,1
73.3,163,8.376432,0.74,1
73.3,127,11568.1111,0.741,1
73.3,118,3492.1396,0.742,1
73.3,144,7955.615985,0.746,1
73.3,98,237.83234,0.779,1
73.3,94,17789.41981,0.785,1
73.4,136,216.243274,0,1
73.4,157,1815.489496,0.603,1
73.4,16,3853.33348,0.617,1
73.4,158,193.741571,0.67,1
73.4,15,3988.11894,0.675,1
73.4,132,3464.6179,0.686,1
73.4,158,8787.61375,0.704,1
73.4,157,627.55544,0.709,1
73.4,135,5593.822995,0.734,1
73.4,117,3679.19275,0.739,1
73.4,125,11513.87189,0.75,1
73.4,147,6843.263289,0.77,0
73.4,97,1694.2931,0.787,1
73.4,93,2271.56961,0.788,1
73.4,153,8297.483621,0.797,0
73.4,177,11398.76584,0.802,0
73.4,169,16554.97139,0.841,0
73.5,134,2789.1735,0,1
73.5,15,5425.6697,0,1
73.5,11,158.668462,0.622,1
73.5,127,1577.457182,0.624,1
73.5,19,2346.5937,0.662,1
73.5,144,4674.21961,0.675,1
73.5,178,4127.11775,0.678,1
73.5,146,5433.7245,0.683,1
73.5,15,279.142931,0.685,1
73.5,162,4378.68746,0.7,1
73.5,121,185.68975,0.705,1
73.5,161,482.24762,0.706,1
73.5,132,3138.8873,0.707,1
73.5,133,493.775387,0.718,1
73.5,132,3218.381655,0.72,1
73.5,134,338.199535,0.74,1
73.5,143,8569.776998,0.749,1
73.5,123,11675.39395,0.749,1
73.5,91,26921.8278,0.791,1
73.5,176,13842.6549,0.809,0
73.6,156,9875.161736,0,1
73.6,156,1932.85829,0.606,1
73.6,99,294.746728,0.623,1
73.6,14,1326.97339,0.662,1
73.6,157,2183.966796,0.675,1
73.6,148,3855.537735,0.679,1
73.6,15,5148.422113,0.691,1
73.6,15,625.65544,0.695,1
73.6,157,4952.67753,0.695,1
73.6,131,4219.65123,0.7,1
73.6,154,6268.692122,0.712,1
73.6,157,8553.3847,0.714,1
73.6,127,969.8126,0.725,1
73.6,134,6222.982955,0.732,1
73.6,116,387.324145,0.737,1
73.6,133,4129.758741,0.739,1
73.6,133,3674.617924,0.746,1
73.6,158,9197.26972,0.748,1
73.6,142,9212.192824,0.751,1
73.6,89,42717.55725,0.787,1
73.6,9,3549.26132,0.789,1
73.6,169,1372.68947,0.81,0
73.6,165,14252.42853,0.846,0
73.7,13,5424.22356,0,1
73.7,123,1762.24617,0.636,1
73.7,17,2761.969249,0.667,1
73.7,149,873.1472436,0.699,1
73.7,16,4212.5492,0.706,1
73.7,14,522.493191,0.708,1
73.7,146,1644.816372,0.725,1
73.7,115,387.753211,0.735,1
73.7,133,7269.17114,0.736,1
73.7,121,1228.5447,0.753,1
73.7,144,7813.83499,0.775,0
73.7,153,4492.72764,0.777,0
73.7,89,45793.97614,0.787,1
73.7,94,19259.58726,0.792,1
73.8,154,9358.154162,0,1
73.8,121,258.3529,0.644,1
73.8,148,4479.95858,0.679,1
73.8,129,3935.183343,0.69,1
73.8,128,4178.973369,0.701,1
73.8,14,4166.93387,0.706,1
73.8,154,11224.1548,0.716,1
73.8,145,1448.7611,0.718,1
73.8,132,2964.47734,0.738,1
73.8,132,5458.121718,0.743,1
73.8,132,8513.629541,0.747,1
73.8,13,4383.59597,0.751,1
73.8,119,12868.8639,0.757,1
73.8,88,55571.9986,0.787,1
73.8,163,13822.8559,0.812,0
73.9,11,5339.441291,0,1
73.9,153,212.584798,0.611,1
73.9,157,1792.3845,0.625,1
73.9,157,1847.19849,0.63,1
73.9,99,1753.4178,0.634,1
73.9,97,3111.762887,0.634,1
73.9,147,4712.822736,0.688,1
73.9,146,989.4547732,0.697,1
73.9,138,428.87811,0.7,1
73.9,128,153.57521,0.703,1
73.9,118,936.499911,0.709,1
73.9,158,575.32176,0.711,1
73.9,126,1872.68416,0.714,1
73.9,152,6468.471648,0.718,1
73.9,128,3526.978143,0.729,1
73.9,128,3174.9491,0.735,1
73.9,114,3992.86717,0.737,1
73.9,127,3725.63221,0.742,1
73.9,154,9291.227619,0.756,1
73.9,117,14223.86576,0.761,1
73.9,139,7378.25539,0.778,0
73.9,87,37567.3121,0.788,1
73.9,92,2377.74739,0.804,1
74,182,5117.589923,0,1
74,153,9386.716452,0,1
74,143,4316.553895,0.641,1
74,148,3735.144836,0.643,1
74,15,3112.83529,0.673,1
74,146,419.367724,0.692,1
74,133,3611.2147,0.696,1
74,125,4149.363444,0.702,1
74,15,4313.1682,0.709,1
74,122,1129.28886,0.734,1
74,113,466.94775,0.737,1
74,132,671.773913,0.749,1
74,131,7326.744435,0.756,1
74,138,717.694674,0.771,1
74,179,16683.94578,0.772,1
74,86,38497.61696,0.79,1
74.1,151,2178.38325,0.614,1
74.1,96,3154.513484,0.64,1
74.1,126,495.254866,0.697,1
74.1,155,5491.159981,0.72,1
74.1,152,13167.47289,0.724,1
74.1,1,5372.65899,0.733,1
74.1,112,496.99275,0.741,1
74.1,131,5821.35397,0.754,1
74.1,131,971.356987,0.764,1
74.1,137,7669.273916,0.764,1
74.1,147,9637.265,0.765,1
74.1,115,15646.5591,0.766,1
74.1,137,333.4376,0.77,1
74.1,138,2579.193168,0.776,1
74.1,14,7674.86559,0.781,0
74.1,165,15669.25929,0.812,0
74.1,161,1532.22924,0.814,0
74.1,9,2533.9462,0.818,1
74.2,151,9739.82556,0,1
74.2,98,299.229676,0.646,1
74.2,14,3194.562243,0.683,1
74.2,151,321.942547,0.688,1
74.2,134,3171.49856,0.693,1
74.2,99,35.1293,0.696,1
74.2,144,7227.73968,0.7,1
74.2,138,1259.87591,0.712,1
74.2,148,462.517913,0.714,1
74.2,116,1672.5693,0.715,1
74.2,13,4142.869175,0.749,1
74.2,125,5957.145693,0.762,1
74.2,148,1153.93822,0.769,1
74.2,113,16462.48556,0.771,1
74.2,149,4981.198619,0.784,0
74.2,17,3371.26869,0.791,1
74.2,85,48268.5912,0.792,1
74.2,162,12967.16543,0.816,0
74.2,167,1894.5485,0.835,1
74.3,15,2136.77395,0.614,1
74.3,93,3488.493769,0.625,1
74.3,95,2847.285569,0.645,1
74.3,143,7884.984429,0.707,1
74.3,154,5859.915622,0.729,1
74.3,118,12376.97936,0.742,1
74.3,13,145.1262,0.774,1
74.3,138,7853.335191,0.787,0
74.3,84,51264.7134,0.794,1
74.3,139,92.277825,0.798,0
74.3,89,24934.38614,0.83,1
74.4,149,1352.8374,0,1
74.4,96,2695.366223,0.659,1
74.4,151,244.46898,0.679,1
74.4,148,278.557892,0.682,1
74.4,12,3371.71231,0.689,1
74.4,144,335.786541,0.693,1
74.4,123,3868.83123,0.705,1
74.4,145,83.5863,0.712,1
74.4,12,2492.12878,0.722,1
74.4,98,614.271115,0.731,1
74.4,121,3684.8481,0.732,1
74.4,123,3843.591213,0.736,1
74.4,128,5411.87744,0.755,1
74.4,129,3764.64912,0.768,1
74.4,111,1657.3228,0.775,1
74.4,138,8558.39766,0.797,0
74.4,16,188.44826,0.818,1
74.4,156,15725.1374,0.822,0
74.4,88,24575.434,0.841,1
74.5,149,2242.711912,0.618,1
74.5,147,1682.957924,0.62,1
74.5,148,1975.46477,0.636,1
74.5,97,3471.247547,0.672,1
74.5,145,492.492378,0.718,1
74.5,133,5771.565878,0.721,1
74.5,148,12291.46685,0.73,1
74.5,153,6171.262444,0.733,1
74.5,114,11341.13395,0.737,1
74.5,138,2819.511161,0.739,1
74.5,98,712.775759,0.74,1
74.5,141,322.992615,0.746,1
74.5,143,335.521375,0.752,1
74.5,128,4274.376857,0.755,1
74.5,125,4429.6575,0.759,1
74.5,129,1779.49641,0.776,1
74.5,92,13636.34668,0.786,1
74.5,145,5196.932921,0.79,0
74.5,137,6993.47736,0.792,0
74.5,83,48399.9581,0.796,1
74.5,14,3161.52935,0.798,1
74.5,156,1325.53379,0.817,0
74.5,88,2732.86172,0.845,1
74.6,116,1461.7552,0,1
74.6,147,11371.93895,0,1
74.6,147,2326.15856,0.623,1
74.6,12,3778.184171,0.695,1
74.6,139,4274.95265,0.698,1
74.6,144,7913.383432,0.72,1
74.6,152,5941.8471,0.737,1
74.6,12,3994.712355,0.739,1
74.6,142,361.289374,0.757,1
74.6,127,6423.291783,0.757,1
74.6,121,7325.73474,0.774,1
74.6,128,1882.27842,0.779,1
74.6,146,9252.11724,0.779,1
74.6,19,16523.32388,0.779,1
74.6,82,42996.4812,0.787,1
74.6,138,9585.266593,0.794,0
74.6,153,13666.58336,0.828,0
74.7,14,359.71886,0.696,1
74.7,12,431.9326,0.701,1
74.7,12,4129.977335,0.706,1
74.7,119,4463.394675,0.714,1
74.7,142,4293.383274,0.721,1
74.7,146,12216.9446,0.734,1
74.7,127,4919.62869,0.739,0
74.7,95,84.268878,0.746,1
74.7,115,1448.55,0.748,1
74.7,141,382.54994,0.76,1
74.7,122,785.881418,0.765,0
74.7,13,4251.574348,0.775,1
74.7,16,1595.91232,0.781,1
74.7,9,12868.211,0.794,1
74.7,142,5693.52416,0.796,0
74.7,81,28975.418,0.799,1
74.7,11,31311.35936,0.803,1
74.7,19,16468.12886,0.819,1
74.8,145,295.966488,0.642,1
74.8,129,672.92113,0.694,1
74.8,12,414.15177,0.71,1
74.8,13,4256.91279,0.714,1
74.8,143,644.525556,0.724,1
74.8,118,369.654776,0.741,1
74.8,144,1226.61731,0.747,1
74.8,112,1172.3843,0.75,1
74.8,124,653.71637,0.759,0
74.8,99,8161.4614,0.763,1
74.8,145,12724.39377,0.773,1
74.8,126,11183.96191,0.783,1
74.8,129,7193.61764,0.788,1
74.8,135,12.27733,0.797,0
74.8,95,16846.2198,0.82,1
74.8,15,1448.87958,0.821,0
74.9,113,1524.41222,0,1
74.9,93,3838.434292,0.682,1
74.9,13,4137.55421,0.717,1
74.9,13,4199.47253,0.72,1
74.9,116,5432.2523,0.724,1
74.9,129,6387.785281,0.725,1
74.9,148,5814.863134,0.738,1
74.9,126,5245.421419,0.749,0
74.9,94,8763.826274,0.752,1
74.9,113,1585.13226,0.753,1
74.9,98,846.632851,0.763,1
74.9,138,3844.89123,0.764,1
74.9,97,846.285153,0.766,1
74.9,126,5659.3824,0.767,1
74.9,127,576.883829,0.78,1
74.9,14,15534.1574,0.78,1
74.9,87,1312.33457,0.796,1
74.9,143,6681.178818,0.8,0
74.9,98,3323.52318,0.808,1
74.9,156,14726.31828,0.836,1
75,12,2968.41186,0,1
75,197,11.147277,0.577,1
75,192,2489.955836,0.578,1
75,153,2697.961375,0.582,1
75,88,4428.522898,0.622,1
75,175,1555.47451,0.645,1
75,211,362.951768,0.651,1
75,183,3739.11936,0.677,1
75,92,456.512487,0.691,1
75,126,731.378864,0.7,1
75,127,716.8219,0.703,1
75,134,4657.32361,0.703,1
75,127,6751.998987,0.708,1
75,138,4682.728424,0.721,1
75,24,3569.75727,0.734,1
75,142,8757.2622,0.754,1
75,93,8734.9653,0.758,1
75,93,8787.94668,0.763,1
75,144,14252.29452,0.781,1
75,117,6698.79439,0.785,1
75,123,9643.644683,0.787,1
75,144,821.251569,0.797,0
75,133,8958.788593,0.798,0
75,85,14221.99259,0.798,1
75,222,9329.298351,0.805,1
75,229,9667.9757,0.807,0
75,146,12834.32349,0.823,0
75.1,137,4255.56571,0.702,1
75.1,12,4271.68172,0.722,1
75.1,113,5564.82566,0.732,1
75.1,131,6871.897677,0.738,1
75.1,12,15384.8749,0.785,1
75.1,95,36161.1761,0.813,1
75.2,12,2214.732246,0,1
75.2,91,5633.79616,0.7,1
75.2,139,513.549487,0.722,1
75.2,123,6281.37747,0.742,1
75.2,19,12542.93565,0.754,1
75.2,19,2275.3536,0.765,1
75.2,116,1224.2459,0.777,0
75.2,127,5878.76127,0.782,1
75.2,142,1473.31923,0.786,1
75.2,11,15472.7814,0.792,1
75.2,144,94.7726,0.803,0
75.2,83,15846.47641,0.803,1
75.3,131,5223.351763,0.71,1
75.3,1,437.539647,0.713,1
75.3,126,7986.798439,0.719,1
75.3,1,3828.91589,0.723,1
75.3,138,521.33363,0.725,1
75.3,125,6583.116248,0.731,1
75.3,125,6491.5245,0.735,1
75.3,112,5471.866766,0.737,1
75.3,122,6353.826383,0.766,1
75.3,115,6682.281158,0.787,1
75.3,81,17959.17854,0.806,1
75.3,144,1126.31852,0.808,0
75.3,92,39439.8197,0.818,1
75.4,11,1761.537647,0,1
75.4,82,52.862285,0.632,1
75.4,16,418.292176,0.703,1
75.4,89,6337.882993,0.703,1
75.4,124,7199.59665,0.714,1
75.4,11,547.8517,0.741,1
75.4,124,488.768855,0.746,1
75.4,121,3622.52284,0.747,1
75.4,122,4117.38853,0.75,1
75.4,124,79.69746,0.76,1
75.4,123,62.173221,0.771,1
75.4,114,9365.742468,0.771,0
75.4,18,16784.34616,0.782,1
75.4,14,1312.46692,0.788,1
75.4,113,7318.742449,0.792,1
75.4,126,8953.359275,0.792,1
75.4,1,15359.66971,0.793,1
75.4,89,42372.22166,0.823,1
75.5,99,265.642661,0,1
75.5,127,572.14313,0.717,1
75.5,124,446.372833,0.721,1
75.5,126,4267.13578,0.728,1
75.5,123,63.343259,0.737,1
75.5,17,12127.22522,0.759,1
75.5,98,15557.8381,0.794,1
75.5,121,1276.265,0.802,1
75.5,79,1937.99549,0.81,1
75.5,14,141.44688,0.813,0
75.5,139,13613.6147,0.824,0
75.6,88,777.77594,0.713,1
75.6,136,56.144952,0.727,1
75.6,127,9689.52887,0.735,1
75.6,127,8959.581416,0.739,1
75.6,19,4132.76292,0.743,1
75.6,121,5237.255334,0.775,1
75.6,138,12126.87614,0.783,1
75.6,126,8161.36966,0.794,1
75.6,16,1928.74739,0.797,1
75.6,11,6586.71929,0.797,1
75.6,77,2977.1153,0.813,1
75.6,87,42672.61323,0.826,1
75.6,137,14638.6482,0.833,1
75.6,137,14117.97668,0.834,0
75.7,1,344.321698,0.697,1
75.7,121,46.29935,0.716,1
75.7,125,4126.14671,0.725,1
75.7,13,7748.12331,0.738,1
75.7,123,522.951116,0.753,1
75.7,136,11929.34991,0.782,1
75.7,12,12726.9836,0.816,1
75.7,136,11527.59323,0.818,0
75.8,86,7683.5238,0.723,1
75.8,125,8767.92258,0.723,1
75.8,133,4855.743789,0.727,1
75.8,123,4591.892776,0.733,1
75.8,122,4916.54886,0.74,1
75.8,16,1979.52569,0.764,1
75.8,114,13546.69872,0.793,0
75.8,15,2986.36,0.797,1
75.8,19,7186.429787,0.799,1
75.8,76,2367.56535,0.815,1
75.8,85,45758.9554,0.829,1
75.8,134,12365.6263,0.834,0
75.9,81,5828.621374,0.641,1
75.9,9,363.13685,0.703,1
75.9,134,12565.44197,0.778,1
75.9,113,11363.41845,0.783,0
75.9,17,7378.345289,0.803,1
75.9,12,12969.7712,0.822,1
76,198,115.565314,0.583,1
76,198,2635.753474,0.596,1
76,145,452.74948,0.646,1
76,174,1631.41727,0.653,1
76,147,6651.12242,0.656,1
76,172,335.112838,0.691,1
76,187,8318.97692,0.704,1
76,98,575.31664,0.71,1
76,121,674.9829,0.725,1
76,123,933.341687,0.731,1
76,121,6432.216537,0.737,1
76,176,1953.9767,0.774,1
76,216,7558.7426,0.791,0
76,14,22134.916,0.797,1
76,116,15893.8656,0.8,0
76,229,924.642548,0.807,0
76,74,19356.67236,0.814,1
76,122,1227.73677,0.818,0
76,119,12976.63642,0.823,1
76,89,18555.56649,0.823,1
76,84,3372.57517,0.831,1
76,1,32672.36717,0.84,1
76.1,97,4697.89732,0.716,1
76.1,91,4114.136545,0.721,1
76.1,85,869.211938,0.734,1
76.1,124,9834.472689,0.745,1
76.1,133,12224.86416,0.781,1
76.1,16,6461.192554,0.804,1
76.1,73,2722.1389,0.81,1
76.1,76,2281.1242,0.812,1
76.1,138,17454.84342,0.838,1
76.2,91,494.358832,0.725,1
76.2,125,4965.989857,0.729,1
76.2,118,625.62224,0.739,1
76.2,125,5348.518399,0.744,1
76.2,117,5877.87678,0.756,1
76.2,131,12888.29667,0.782,1
76.2,12,21268.7564,0.796,1
76.2,88,29986.2915,0.808,1
76.2,124,1479.29634,0.824,0
76.2,118,12245.25645,0.825,1
76.2,82,3549.14832,0.826,1
76.2,92,2612.13345,0.834,1
76.3,75,597.1659,0.651,1
76.3,123,982.532572,0.748,1
76.3,118,11938.212,0.777,1
76.3,19,14157.14416,0.803,0
76.3,87,2843.63635,0.809,1
76.3,13,12599.52486,0.822,0
76.3,81,4462.3129,0.824,1
76.3,116,13467.1236,0.826,1
76.3,93,398.96692,0.837,1
76.3,135,17421.8922,0.85,1
76.4,94,4611.47298,0.717,1
76.4,124,668.8667,0.743,1
76.4,119,962.312164,0.77,1
76.4,13,13566.9541,0.784,1
76.4,11,2458.45226,0.796,1
76.4,85,2999.65492,0.807,1
76.4,89,21896.6527,0.828,1
76.4,94,26241.91883,0.848,0
76.5,127,6973.9284,0.75,1
76.5,122,7937.259931,0.756,1
76.5,118,1592.6819,0.784,1
76.5,71,23649.36661,0.812,1
76.5,85,34176.98183,0.815,1
76.5,8,42112.23565,0.826,1
76.5,119,1488.47154,0.843,0
76.6,88,4437.17868,0.738,1
76.6,12,1298.86766,0.753,1
76.6,122,1452.27766,0.754,1
76.6,118,9415.17386,0.774,1
76.6,11,1152.39681,0.777,0
76.6,99,16627.36433,0.795,1
76.6,16,1355.74586,0.803,0
76.6,84,41818.35256,0.826,1
76.6,84,51488.49529,0.83,1
76.6,83,6256.55926,0.835,1
76.6,117,11814.9994,0.835,0
76.7,73,633.79498,0.653,1
76.7,115,2832.188893,0.686,1
76.7,122,9143.128494,0.758,1
76.7,7,251.18329,0.815,1
76.7,78,4335.64268,0.829,1
76.7,128,13893.18768,0.829,0
76.7,83,675.61258,0.83,1
76.8,92,4716.673325,0.728,1
76.8,127,7429.628274,0.755,1
76.8,117,16881.2568,0.788,1
76.8,117,16737.89827,0.791,1
76.8,7,24983.3792,0.82,1
76.8,82,82967.37228,0.825,1
76.8,125,13145.1484,0.834,0
76.8,88,27965.4754,0.841,1
76.9,115,2741.11542,0.679,1
76.9,92,55.156834,0.711,1
76.9,86,4247.61438,0.752,1
76.9,11,11729.14616,0.782,0
76.9,69,22688.87824,0.823,1
76.9,77,44449.7435,0.832,1
76.9,79,35268.1117,0.845,1
76.9,127,1929.7746,0.856,1
76.9,12,3743.55917,0.86,0
77,178,519.958715,0,1
77,137,856.342857,0.557,1
77,137,213.755559,0.569,1
77,148,1373.515636,0.569,1
77,196,2825.5247,0.602,1
77,144,5854.614497,0.649,1
77,175,1668.162731,0.703,0
77,178,2124.873613,0.714,0
77,9,535.86555,0.735,1
77,25,3855.42128,0.739,1
77,111,14166.4998,0.78,1
77,116,15524.84247,0.794,1
77,14,14539.18421,0.808,0
77,79,61478.23813,0.828,1
77,89,28223.55528,0.857,0
77,12,3751.64946,0.862,0
77,14,33228.69291,0.875,0
77.1,14,13235.97757,0.815,0
77.1,75,3911.74689,0.836,1
77.1,12,1378.54911,0.838,0
77.1,84,44597.27968,0.86,1
77.2,19,3779.577,0.719,1
77.2,89,5193.94932,0.742,1
77.2,84,4414.72314,0.759,1
77.2,12,1589.82713,0.765,1
77.2,17,12882.28897,0.788,0
77.2,84,37951.286,0.84,1
77.2,113,1726.9151,0.85,0
77.3,67,6497.55443,0.663,1
77.3,17,339.716256,0.705,1
77.3,13,511.368479,0.755,1
77.3,121,927.723171,0.758,1
77.3,16,4595.666327,0.761,1
77.3,15,15772.7334,0.789,0
77.3,76,736.22784,0.825,1
77.3,12,14341.675,0.85,0
77.3,122,19941.45532,0.86,1
77.3,11,4458.7764,0.882,0
77.4,18,3192.669378,0.694,1
77.4,88,4574.9787,0.747,1
77.4,79,4717.273,0.846,1
77.4,88,32539.1937,0.862,0
77.5,1,3981.52847,0.708,1
77.5,8,4575.763787,0.761,1
77.5,118,11685.97983,0.773,1
77.5,8,1139.5651,0.779,0
77.5,74,85948.746,0.827,1
77.5,15,24253.2542,0.847,1
77.5,117,12565.9876,0.852,0
77.5,14,18169.1891,0.853,0
77.6,65,6541.7465,0.675,1
77.6,98,388.363689,0.702,1
77.6,119,12593.7374,0.78,1
77.6,119,1774.9291,0.863,1
77.6,8,4159.8652,0.863,1
77.6,11,2327.4591,0.869,0
77.7,19,2994.339988,0.692,1
77.7,12,4425.57467,0.719,1
77.7,11,18784.9485,0.79,0
77.7,97,13574.749,0.817,0
77.7,78,3967.8951,0.864,1
77.7,98,46511.6457,0.893,0
77.8,74,3954.22783,0.762,1
77.8,11,4463.545867,0.768,1
77.8,79,1121.78636,0.783,0
77.8,118,13134.4367,0.785,1
77.8,97,13467.46827,0.82,0
77.8,72,88564.82298,0.837,1
77.8,98,48735.99549,0.848,0
77.9,64,7112.33575,0.683,1
77.9,12,5376.447622,0.771,1
77.9,1,4787.699532,0.775,1
77.9,7,8834.87958,0.843,1
78,129,298.67598,0.587,1
78,149,2643.441423,0.589,1
78,14,3119.63716,0.653,1
78,179,1839.72945,0.708,0
78,1,4167.71417,0.715,1
78,16,5245.187372,0.727,1
78,148,7145.628494,0.727,1
78,132,495.294791,0.728,1
78,14,4669.6916,0.732,1
78,23,314.658296,0.746,1
78,29,5134.95694,0.761,0
78,218,47.32827,0.764,1
78,174,19152.531,0.772,1
78,97,621.828325,0.781,1
78,225,4498.95727,0.781,1
78,98,5676.14143,0.784,1
78,99,1845.5881,0.792,0
78,222,7863.1629,0.798,0
78,221,1444.1589,0.814,0
78,95,11579.6674,0.823,0
78,96,48179.4285,0.854,0
78,95,23718.7467,0.855,0
78,1,24913.24452,0.856,1
78,82,4117.15532,0.87,0
78,1,23121.56635,0.873,0
78,99,2552.3328,0.875,0
78.1,16,8199.414621,0.749,1
78.1,14,5184.494227,0.754,1
78.1,11,5484.7763,0.782,1
78.1,7,14672.8826,0.798,0
78.1,96,24517.26745,0.833,0
78.1,69,86852.7119,0.854,1
78.1,17,19726.1265,0.858,0
78.1,98,26834.2625,0.863,1
78.1,84,25921.12794,0.873,0
78.1,92,48799.8237,0.897,0
78.1,93,5226.99311,0.902,0
78.2,62,7716.2415,0.693,1
78.2,75,11843.9392,0.786,0
78.2,84,1242.95373,0.794,1
78.2,69,1562.92433,0.8,0
78.2,68,66346.52267,0.855,1
78.3,99,462.14965,0.712,1
78.3,78,23792.677,0.81,0
78.3,79,47651.2599,0.852,1
78.3,95,5293.64115,0.86,0
78.3,92,23687.31689,0.86,0
78.3,12,23841.31792,0.865,0
78.3,95,3743.95693,0.878,0
78.3,82,26584.12169,0.878,0
78.3,82,47631.6377,0.88,0
78.4,93,7615.3468,0.79,1
78.4,68,16372.29152,0.805,0
78.4,98,32816.1688,0.866,1
78.4,91,2525.16445,0.867,0
78.4,81,28817.32321,0.882,0
78.4,93,58487.451,0.904,0
78.5,61,8395.785198,0.701,1
78.5,71,13689.98999,0.79,0
78.5,96,19821.44463,0.793,0
78.5,66,2293.4789,0.815,0
78.5,83,13882.85683,0.868,0
78.5,9,3359.95215,0.872,0
78.5,85,38146.71539,0.911,0
78.6,97,4697.11135,0.723,1
78.6,65,23932.49128,0.823,0
78.6,92,24489.73553,0.837,0
78.6,87,13641.1272,0.864,0
78.6,92,65445.8853,0.865,0
78.7,96,676.15344,0.773,1
78.7,96,6425.941119,0.778,1
78.7,69,1519.5497,0.797,0
78.7,94,2278.5845,0.797,0
78.7,83,12538.17883,0.801,1
78.7,76,21577.7823,0.82,0
78.7,65,25324.48666,0.826,0
78.7,9,26351.37568,0.847,0
78.7,92,75716.3518,0.867,0
78.7,12,37636.11173,0.869,1
78.7,83,16874.31232,0.873,0
78.7,8,35245.1647,0.881,0
78.7,78,5886.82789,0.889,0
78.8,92,675.92436,0.78,1
78.8,64,27169.99256,0.829,0
78.8,88,3212.9355,0.837,0
78.8,13,22465.64184,0.844,1
78.8,9,8289.69641,0.874,0
78.8,91,35589.71295,0.88,0
78.8,88,64322.6664,0.906,0
78.8,82,38549.58934,0.917,0
78.9,93,612.623418,0.734,1
78.9,99,6911.136136,0.74,1
78.9,91,9484.681227,0.796,1
78.9,9,1526.87746,0.797,1
78.9,63,31386.63265,0.836,0
78.9,76,2152.1432,0.845,1
78.9,89,36967.28292,0.861,0
78.9,11,38969.17163,0.864,1
78.9,96,2751.8127,0.869,0
78.9,86,58163.29359,0.906,0
78.9,81,4361.1538,0.916,0
79,176,5292.232379,0,1
79,19,2794.22189,0.589,1
79,172,1545.626423,0.625,1
79,169,197.29417,0.659,1
79,98,9186.59639,0.752,1
79,93,75.5199,0.772,1
79,92,24815.6884,0.804,0
79,67,15835.34667,0.805,0
79,81,1411.31339,0.811,1
79,74,2216.83279,0.818,0
79,13,22527.31775,0.849,1
79,78,54326.9713,0.896,0
79.1,92,762.261218,0.773,1
79.1,89,1286.17764,0.815,1
79.1,86,14676.769,0.82,0
79.1,81,18477.57841,0.823,1
79.1,62,3539.7488,0.844,0
79.1,82,24124.16917,0.864,1
79.1,9,24633.79785,0.873,0
79.1,86,34165.9343,0.877,0
79.1,82,21913.7817,0.881,0
79.2,96,689.396224,0.747,1
79.2,97,9985.36959,0.758,1
79.2,81,21955.149,0.83,1
79.2,11,24275.2426,0.851,1
79.2,96,4112.67651,0.869,1
79.2,79,2542.39935,0.884,0
79.2,85,34696.6292,0.884,0
79.2,77,39954.64222,0.885,0
79.2,84,5841.41122,0.906,0
79.3,9,2363.97161,0.809,0
79.3,66,16671.5672,0.809,0
79.3,91,1243.32824,0.816,1
79.3,73,23573.6284,0.819,0
79.3,81,22551.73574,0.839,1
79.3,86,36693.4262,0.841,0
79.3,6,3215.8159,0.849,0
79.3,74,236.19646,0.85,1
79.3,99,29691.18158,0.852,1
79.3,74,18431.15696,0.855,1
79.3,96,48288.5491,0.873,1
79.4,96,1569.66631,0.762,1
79.4,77,251.2426,0.823,0
79.4,84,15323.6114,0.825,0
79.4,83,21495.7741,0.83,0
79.4,85,38242.4252,0.848,0
79.4,8,28827.32636,0.855,1
79.4,85,38852.3613,0.865,0
79.4,8,23691.59472,0.867,1
79.4,85,89739.7117,0.88,0
79.4,72,41577.169,0.888,0
79.4,78,5111.65445,0.918,0
79.5,96,1647.44179,0.768,1
79.5,83,1719.53541,0.828,0
79.5,59,3818.46396,0.853,0
79.5,86,4443.83131,0.871,0
79.5,87,23437.4722,0.872,0
79.5,79,24167.8431,0.872,1
79.5,87,48424.58927,0.874,0
79.5,78,2169.921,0.897,0
79.5,75,61388.17457,0.902,0
79.6,95,1146.36273,0.775,1
79.6,88,1781.3668,0.804,1
79.6,65,19375.5696,0.808,0
79.6,88,22538.6548,0.812,0
79.6,73,29283.55,0.873,0
79.6,94,5341.31487,0.876,1
79.6,84,36447.87232,0.892,0
79.7,71,2745.27136,0.82,0
79.7,74,31813.37344,0.847,0
79.7,57,32233.83942,0.847,0
79.7,77,2481.15781,0.85,1
79.7,71,18946.99942,0.863,1
79.7,82,1618.4928,0.877,0
79.7,78,28172.14883,0.877,1
79.7,91,4717.15571,0.878,1
79.7,78,37813.23426,0.879,0
79.7,77,51983.78892,0.909,0
79.7,79,61753.667,0.91,0
79.8,86,1475.69242,0.82,1
79.8,75,24.819,0.828,0
79.8,81,443.99361,0.854,0
79.8,85,4488.5615,0.876,0
79.8,84,24985.24827,0.876,0
79.8,73,26969.24457,0.877,0
79.8,71,44453.97119,0.893,0
79.8,82,41814.8191,0.898,0
79.8,75,61235.415,0.908,0
79.8,77,5757.26916,0.924,0
79.9,84,15431.9293,0.826,1
79.9,72,27387.2258,0.841,0
79.9,77,31997.2821,0.853,1
79.9,89,4622.41516,0.874,1
79.9,71,29571.7446,0.88,0
79.9,78,2775.89515,0.886,0
79.9,76,2667.86452,0.888,0
79.9,75,19517.84168,0.899,0
79.9,73,281.81763,0.902,0
79.9,8,45699.19832,0.903,0
80,64,21928.767,0.813,0
80,72,22196.5736,0.836,0
80,56,28951.15556,0.85,0
80,72,28585.9254,0.854,0
80,78,2971.973,0.857,1
80,71,2611.17931,0.866,1
80,81,4438.23741,0.878,0
80,77,31979.87195,0.881,1
80,8,114293.8433,0.887,0
80,79,41732.7725,0.906,0
80,76,5857.521,0.922,0
81,58,2193.8836,0.821,0
81,84,15941.39722,0.831,1
81,79,24918.64584,0.833,0
81,77,2651.71745,0.837,0
81,54,2797.96736,0.85,0
81,93,34879.72633,0.86,1
81,8,46586.6525,0.86,0
81,69,19888.172,0.863,1
81,72,187.78991,0.865,1
81,65,29657.4421,0.877,1
81,62,56249.7555,0.879,0
81,76,36189.58838,0.886,1
81,76,3259.73471,0.891,0
81,75,31287.77865,0.894,0
81,69,53255.97631,0.895,0
81,72,4773.45436,0.898,1
81,67,5234.76736,0.902,0
81,76,41785.55691,0.907,0
81,67,3416.71483,0.91,0
81,68,41176.88158,0.924,0
81,75,61191.19263,0.924,0
81,73,66775.3944,0.929,0
81,66,87646.75346,0.936,0
81.1,57,2393.1888,0.828,0
81.1,76,1922.681,0.841,0
81.1,74,38532.488,0.852,0
81.1,65,39223.58187,0.873,0
81.1,88,41631.13141,0.879,1
81.1,61,5613.54115,0.884,0
81.1,68,554.71532,0.887,0
81.1,7,16749.136,0.892,0
81.1,76,4245.39744,0.893,1
81.1,74,4356.875,0.895,0
81.1,62,55746.84238,0.897,0
81.1,66,54797.54663,0.899,0
81.1,7,3997.25624,0.904,0
81.1,63,5354.6536,0.911,0
81.1,62,49474.7561,0.921,0
81.1,67,1574.9861,0.939,0
81.2,65,3341.7482,0.856,0
81.2,7,47447.4762,0.898,1
81.2,66,5553.32623,0.91,0
81.2,66,36118.28381,0.915,0
81.3,7,35578.73619,0.854,0
81.3,63,37698.78573,0.862,0
81.3,86,473.34279,0.879,1
81.3,59,68348.31817,0.887,0
81.3,69,42889.88141,0.908,0
81.3,66,4991.98289,0.918,0
81.3,66,49664.6854,0.921,0
81.3,61,11563.727,0.941,0
81.4,55,2618.92599,0.847,0
81.4,64,39721.4818,0.88,0
81.4,66,51322.63997,0.892,0
81.4,58,55575.29196,0.892,0
81.4,68,113751.85,0.892,0
81.4,62,4627.592,0.898,0
81.4,64,6664.144,0.92,0
81.4,6,51574.48942,0.922,0
81.5,72,33846.46564,0.856,0
81.5,61,464.18465,0.866,0
81.5,63,27795.87671,0.876,1
81.5,83,4838.2444,0.885,1
81.5,65,43665.947,0.892,0
81.5,58,5276.25591,0.895,0
81.5,68,5282.2176,0.903,1
81.5,65,57348.92788,0.904,0
81.5,67,4453.24673,0.91,0
81.5,62,1291.435,0.942,0
81.6,66,32333.4661,0.858,0
81.6,61,36976.84512,0.868,0
81.6,55,4461.89251,0.894,0
81.6,68,52496.69487,0.907,1
81.6,66,3821.8937,0.913,0
81.6,61,975.49856,0.945,0
81.7,54,23819.4636,0.853,0
81.7,61,3661.994,0.878,1
81.7,83,4381.288,0.882,1
81.7,62,38577.55822,0.887,0
81.7,65,119172.7418,0.892,0
81.7,58,59593.28711,0.901,0
81.7,57,57134.777,0.903,0
81.7,63,63223.46778,0.911,0
81.7,58,52157.4687,0.923,0
81.7,66,42742.99898,0.925,0
81.8,7,32289.3554,0.86,0
81.8,6,35849.37364,0.869,0
81.8,61,33657.15727,0.883,1
81.8,6,32569.59683,0.889,1
81.8,53,41676.44527,0.894,0
81.8,67,52413.72116,0.909,1
81.8,59,7455.24654,0.948,0
81.9,64,3736.228,0.86,0
81.9,7,3488.3992,0.863,0
81.9,57,6283.24522,0.904,0
81.9,57,44292.88473,0.923,0
81.9,64,51874.848,0.927,0
82,63,2675.58259,0.815,0
82,85,23196.18375,0.818,0
82,69,29869.85398,0.821,0
82,94,33874.74255,0.857,1
82,69,37217.64873,0.87,0
82,77,47654.18721,0.87,0
82,61,28562.29324,0.871,0
82,6,38334.68477,0.872,0
82,81,22486.47167,0.877,0
82,6,34814.12436,0.877,0
82,69,36961.42537,0.882,0
82,81,42554.1225,0.887,1
82,75,38538.64447,0.888,0
82,61,46569.67951,0.889,0
82,63,1199.8223,0.896,0
82,68,51241.31562,0.899,0
82,65,544.43376,0.912,1
82,6,72119.5687,0.914,0
82,63,62245.129,0.927,0
82.1,68,37688.72234,0.866,0
82.1,63,31834.21816,0.867,0
82.1,61,36393.66932,0.891,1
82.1,51,46.217,0.894,0
82.1,6,69672.471,0.916,0
82.2,79,42955.24287,0.89,1
82.2,6,37582.84624,0.895,1
82.2,6,53166.67581,0.911,0
82.2,64,43315.744,0.919,1
82.3,58,3537.27441,0.876,0
82.3,54,5918.19898,0.906,0
82.3,57,74276.71842,0.92,0
82.3,61,67677.63477,0.93,0
82.4,68,35433.98896,0.873,0
82.4,6,2921.9342,0.874,0
82.4,78,36526.7711,0.894,1
82.4,5,4781.3888,0.907,0
82.4,53,5585.25847,0.909,0
82.5,57,35396.66517,0.877,0
82.5,64,48167.99727,0.884,0
82.5,58,35729.37253,0.898,1
82.5,5,44333.8518,0.901,0
82.5,49,52473.11356,0.915,0
82.5,59,54431.16199,0.917,0
82.5,61,67792.3386,0.933,0
82.6,58,296.47225,0.877,0
82.6,67,35275.22843,0.877,0
82.6,55,87998.44468,0.932,0
82.7,66,39339.29757,0.88,0
82.7,56,349.14755,0.881,0
82.7,49,5734.4436,0.919,0
82.7,57,5629.18914,0.92,0
82.7,54,83164.38795,0.932,0
82.7,6,62214.6912,0.936,0
82.8,56,25683.84565,0.882,0
82.8,59,56554.3876,0.937,0
82.9,56,56336.7234,0.922,0
83,62,2187.79469,0.819,0
83,81,2577.4264,0.824,0
83,83,14817.37778,0.841,1
83,53,2734.88382,0.85,0
83,76,26917.75898,0.859,1
83,86,579.72415,0.878,1
83,62,4457.67639,0.879,0
83,64,4855.17564,0.881,0
83,8,4772.77415,0.884,0
83,78,4474.5717,0.886,0
83,76,13198.6693,0.888,0
83,7,42442.2245,0.888,0
83,71,23465.38559,0.905,0
83,68,56928.8248,0.905,0
83,52,84658.88768,0.934,0
83.1,55,53629.73746,0.924,0
83.2,51,85814.58857,0.936,0
83.3,58,4863.47665,0.889,0
83.4,49,8989.8424,0.938,0
83.5,56,4454.44746,0.894,0
83.5,57,3896.21151,0.899,0
83.7,55,34474.13736,0.902,0
84,76,22242.68193,0.858,1
84,7,31996.2172,0.859,0
84,76,51386.37665,0.864,0
84,68,2195.1769,0.87,1
84,68,258.637,0.872,1
84,75,46657.629,0.872,0
84,82,47415.55987,0.884,1
84,74,41336.72192,0.89,0
84,7,52567.52568,0.909,0
84,73,62425.5392,0.926,0
84,7,74114.69715,0.931,0
85,82,13653.2264,0.845,1
85,52,2375.1127,0.854,0
85,76,25916.29353,0.86,1
85,78,2315.31799,0.878,0
85,72,4796.56497,0.889,0
85,66,4385.35315,0.89,0
85,75,4386.69948,0.891,1
85,74,44544.5268,0.894,1
85,73,282.94193,0.895,0
85,69,49231.36254,0.895,0
85,74,4681.32796,0.912,0
85,67,85128.65759,0.934,0
86,79,21618.73534,0.827,0
86,74,21874.8195,0.86,1
86,92,36544.5853,0.87,1
86,73,14965.361,0.884,0
86,72,38426.5581,0.901,0
86,65,519.349,0.906,0
86,68,48538.58776,0.907,0
86,69,3472.37977,0.908,0
86,71,4465.24891,0.916,0
86,71,4653.91143,0.919,0
86,71,5314.64416,0.923,0
86,67,9688.5961,0.936,0
87,59,22821.847,0.826,0
87,66,33579.85948,0.839,0
87,65,3944.999,0.866,0
87,79,49638.7713,0.887,1
87,76,242.67286,0.888,0
87,77,4651.38647,0.889,0
87,74,46596.33599,0.897,1
88,73,28482.6948,0.844,0
88,66,31959.26215,0.851,0
88,73,21673.7817,0.862,1
88,65,46917.27216,0.873,0
88,73,51126.74139,0.88,0
88,7,48333.57273,0.884,0
88,74,2729.86383,0.888,0
88,64,46256.4716,0.892,0
88,72,115761.577,0.894,0
88,64,5338.25483,0.906,0
89,78,2277.53613,0.837,0
89,66,31174.56118,0.846,0
89,72,3279.414,0.849,0
89,89,416.58397,0.873,1
89,88,45413.6571,0.877,1
89,76,47439.39684,0.89,0
89,78,49914.61864,0.89,1
89,63,53324.37937,0.895,0
89,71,33691.34837,0.899,0
